{"p99": 0.06508313272516814, "scale": 7.682482066611496, "clip_min": -0.5, "clip_max": 0.5}